ros-humble-ackermann-msgs	2.0.2-3jammy.20260718.021632	installed
ros-humble-ackermann-steering-controller	2.53.3-1jammy.20260804.211824	installed
ros-humble-action-msgs	1.2.3-1jammy.20260718.011317	installed
ros-humble-action-tutorials-cpp	0.20.9-1jammy.20260726.113924	installed
ros-humble-action-tutorials-interfaces	0.20.9-1jammy.20260718.011804	installed
ros-humble-action-tutorials-py	0.20.9-1jammy.20260724.024653	installed
ros-humble-actionlib-msgs	4.9.2-1jammy.20260718.021647	installed
ros-humble-actuator-msgs	0.0.1-1jammy.20260907.213631	installed
ros-humble-admittance-controller	2.53.3-1jammy.20260804.210602	installed
ros-humble-ament-cmake	1.3.14-1jammy.20260226.035055	installed
ros-humble-ament-cmake-auto	1.3.14-1jammy.20260304.074922	installed
ros-humble-ament-cmake-copyright	0.12.15-1jammy.20260304.195729	installed
ros-humble-ament-cmake-core	1.3.14-1jammy.20260224.185609	installed
ros-humble-ament-cmake-cppcheck	0.12.15-1jammy.20260304.195901	installed
ros-humble-ament-cmake-cpplint	0.12.15-1jammy.20260304.195910	installed
ros-humble-ament-cmake-export-definitions	1.3.14-1jammy.20260226.010509	installed
ros-humble-ament-cmake-export-dependencies	1.3.14-1jammy.20260226.011144	installed
ros-humble-ament-cmake-export-include-directories	1.3.14-1jammy.20260226.010305	installed
ros-humble-ament-cmake-export-interfaces	1.3.14-1jammy.20260226.005715	installed
ros-humble-ament-cmake-export-libraries	1.3.14-1jammy.20260226.004939	installed
ros-humble-ament-cmake-export-link-flags	1.3.14-1jammy.20260226.010357	installed
ros-humble-ament-cmake-export-targets	1.3.14-1jammy.20260226.005705	installed
ros-humble-ament-cmake-flake8	0.12.15-1jammy.20260304.200009	installed
ros-humble-ament-cmake-gen-version-h	1.3.14-1jammy.20260226.034234	installed
ros-humble-ament-cmake-gmock	1.3.14-1jammy.20260226.034220	installed
ros-humble-ament-cmake-gtest	1.3.14-1jammy.20260226.013944	installed
ros-humble-ament-cmake-include-directories	1.3.14-1jammy.20260226.010650	installed
ros-humble-ament-cmake-libraries	1.3.14-1jammy.20260226.010453	installed
ros-humble-ament-cmake-lint-cmake	0.12.15-1jammy.20260304.195414	installed
ros-humble-ament-cmake-pep257	0.12.15-1jammy.20260304.200058	installed
ros-humble-ament-cmake-pytest	1.3.14-1jammy.20260226.014042	installed
ros-humble-ament-cmake-python	1.3.14-1jammy.20260226.005145	installed
ros-humble-ament-cmake-ros	0.10.0-3jammy.20260304.201222	installed
ros-humble-ament-cmake-target-dependencies	1.3.14-1jammy.20260226.013622	installed
ros-humble-ament-cmake-test	1.3.14-1jammy.20260226.013528	installed
ros-humble-ament-cmake-uncrustify	0.12.15-1jammy.20260304.195907	installed
ros-humble-ament-cmake-version	1.3.14-1jammy.20260226.010514	installed
ros-humble-ament-cmake-xmllint	0.12.15-1jammy.20260304.200103	installed
ros-humble-ament-copyright	0.12.15-1jammy.20260226.034848	installed
ros-humble-ament-cppcheck	0.12.15-1jammy.20260226.010724	installed
ros-humble-ament-cpplint	0.12.15-1jammy.20260304.090253	installed
ros-humble-ament-flake8	0.12.15-1jammy.20260226.013519	installed
ros-humble-ament-index-cpp	1.4.1-1jammy.20260304.201844	installed
ros-humble-ament-index-python	1.4.1-1jammy.20260304.090250	installed
ros-humble-ament-lint	0.12.15-1jammy.20260226.005140	installed
ros-humble-ament-lint-auto	0.12.15-1jammy.20260226.014133	installed
ros-humble-ament-lint-cmake	0.12.15-1jammy.20260304.090258	installed
ros-humble-ament-lint-common	0.12.15-1jammy.20260304.201149	installed
ros-humble-ament-package	0.14.2-1jammy.20260213.215617	installed
ros-humble-ament-pep257	0.12.15-1jammy.20260226.014506	installed
ros-humble-ament-uncrustify	0.12.15-1jammy.20260304.195710	installed
ros-humble-ament-xmllint	0.12.15-1jammy.20260304.090301	installed
ros-humble-angles	1.15.0-1jammy.20260304.075013	installed
ros-humble-backward-ros	1.0.8-2jammy.20260226.010809	installed
ros-humble-bicycle-steering-controller	2.53.3-1jammy.20260804.211818	installed
ros-humble-builtin-interfaces	1.2.3-1jammy.20260718.005731	installed
ros-humble-camera-calibration-parsers	3.1.13-1jammy.20260724.031210	installed
ros-humble-camera-info-manager	3.1.13-1jammy.20260726.110157	installed
ros-humble-chomp-motion-planner	2.5.9-1jammy.20260804.214130	installed
ros-humble-class-loader	2.2.0-3jammy.20260717.233651	installed
ros-humble-common-interfaces	4.9.2-1jammy.20260718.021859	installed
ros-humble-composition	0.20.9-1jammy.20260726.113925	installed
ros-humble-composition-interfaces	1.2.3-1jammy.20260718.021622	installed
ros-humble-compressed-depth-image-transport	2.5.5-1jammy.20260908.002700	installed
ros-humble-compressed-image-transport	2.5.5-1jammy.20260908.002726	installed
ros-humble-console-bridge-vendor	1.4.1-1jammy.20260304.202710	installed
ros-humble-control-msgs	4.9.0-1jammy.20260718.015803	installed
ros-humble-control-toolbox	3.7.0-1jammy.20260726.123443	installed
ros-humble-controller-interface	2.54.0-1jammy.20260725.070326	installed
ros-humble-controller-manager	2.54.0-1jammy.20260804.205225	installed
ros-humble-controller-manager-msgs	2.54.0-1jammy.20260718.010423	installed
ros-humble-cv-bridge	3.2.1-1jammy.20260718.023548	installed
ros-humble-data-tamer-cpp	0.9.3-2jammy.20260908.084725	installed
ros-humble-data-tamer-msgs	0.9.3-2jammy.20260907.205446	installed
ros-humble-demo-nodes-cpp	0.20.9-1jammy.20260726.113819	installed
ros-humble-demo-nodes-cpp-native	0.20.9-1jammy.20260726.114521	installed
ros-humble-demo-nodes-py	0.20.9-1jammy.20260724.024758	installed
ros-humble-depthimage-to-laserscan	2.5.1-1jammy.20260726.115533	installed
ros-humble-desktop	0.10.0-1jammy.20260804.223343	installed
ros-humble-diagnostic-msgs	4.9.2-1jammy.20260718.014152	installed
ros-humble-diagnostic-updater	4.0.7-1jammy.20260907.223805	installed
ros-humble-diff-drive-controller	2.53.3-1jammy.20260804.211259	installed
ros-humble-domain-coordinator	0.10.0-3jammy.20260304.090332	installed
ros-humble-dummy-map-server	0.20.9-1jammy.20260724.031347	installed
ros-humble-dummy-robot-bringup	0.20.9-1jammy.20260804.210020	installed
ros-humble-dummy-sensors	0.20.9-1jammy.20260724.031410	installed
ros-humble-effort-controllers	2.53.3-1jammy.20260804.211342	installed
ros-humble-eigen-stl-containers	1.1.0-1jammy.20260304.090336	installed
ros-humble-eigen3-cmake-module	0.1.1-4jammy.20260304.195907	installed
ros-humble-example-interfaces	0.9.3-2jammy.20260718.011806	installed
ros-humble-examples-rclcpp-minimal-action-client	0.15.5-1jammy.20260726.120959	installed
ros-humble-examples-rclcpp-minimal-action-server	0.15.5-1jammy.20260726.121012	installed
ros-humble-examples-rclcpp-minimal-client	0.15.5-1jammy.20260726.110233	installed
ros-humble-examples-rclcpp-minimal-composition	0.15.5-1jammy.20260728.072237	installed
ros-humble-examples-rclcpp-minimal-publisher	0.15.5-1jammy.20260725.070212	installed
ros-humble-examples-rclcpp-minimal-service	0.15.5-1jammy.20260726.110437	installed
ros-humble-examples-rclcpp-minimal-subscriber	0.15.5-1jammy.20260726.115747	installed
ros-humble-examples-rclcpp-minimal-timer	0.15.5-1jammy.20260726.110425	installed
ros-humble-examples-rclcpp-multithreaded-executor	0.15.5-1jammy.20260726.110340	installed
ros-humble-examples-rclpy-executors	0.15.5-1jammy.20260724.024815	installed
ros-humble-examples-rclpy-minimal-action-client	0.15.5-1jammy.20260724.024842	installed
ros-humble-examples-rclpy-minimal-action-server	0.15.5-1jammy.20260724.024838	installed
ros-humble-examples-rclpy-minimal-client	0.15.5-1jammy.20260724.024838	installed
ros-humble-examples-rclpy-minimal-publisher	0.15.5-1jammy.20260724.025034	installed
ros-humble-examples-rclpy-minimal-service	0.15.5-1jammy.20260724.024915	installed
ros-humble-examples-rclpy-minimal-subscriber	0.15.5-1jammy.20260724.024923	installed
ros-humble-fastcdr	1.0.29-1jammy.20260226.010952	installed
ros-humble-fastrtps	2.6.12-1jammy.20260723.233918	installed
ros-humble-fastrtps-cmake-module	2.2.4-1jammy.20260304.202011	installed
ros-humble-filters	2.2.2-1jammy.20260726.110558	installed
ros-humble-foonathan-memory-vendor	1.2.0-3jammy.20260304.200554	installed
ros-humble-force-torque-sensor-broadcaster	2.53.3-1jammy.20260804.210602	installed
ros-humble-forward-command-controller	2.53.3-1jammy.20260804.210805	installed
ros-humble-gazebo-dev	3.9.0-1jammy.20260304.090426	installed
ros-humble-gazebo-msgs	3.9.0-1jammy.20260718.015750	installed
ros-humble-gazebo-plugins	3.9.0-1jammy.20260804.195543	installed
ros-humble-gazebo-ros	3.9.0-1jammy.20260726.134039	installed
ros-humble-gazebo-ros-pkgs	3.9.0-1jammy.20260804.212537	installed
ros-humble-gazebo-ros2-control	0.4.10-1jammy.20260804.212648	installed
ros-humble-generate-parameter-library	0.7.5-1jammy.20260726.123214	installed
ros-humble-generate-parameter-library-py	0.7.5-1jammy.20260725.080336	installed
ros-humble-geometric-shapes	2.3.4-1jammy.20260726.110819	installed
ros-humble-geometry-msgs	4.9.2-1jammy.20260718.012617	installed
ros-humble-geometry2	0.25.22-1jammy.20260804.195606	installed
ros-humble-gmock-vendor	1.10.9006-1jammy.20260226.011659	installed
ros-humble-gpio-controllers	2.53.3-1jammy.20260804.210800	installed
ros-humble-gps-msgs	3.1.1-1jammy.20260907.210349	installed
ros-humble-gripper-controllers	2.53.3-1jammy.20260804.211418	installed
ros-humble-gtest-vendor	1.10.9006-1jammy.20260226.011046	installed
ros-humble-hardware-interface	2.54.0-1jammy.20260724.031959	installed
ros-humble-ignition-cmake2-vendor	0.0.2-2jammy.20260304.200630	installed
ros-humble-ignition-math6-vendor	0.0.2-2jammy.20260304.200852	installed
ros-humble-image-geometry	3.2.1-1jammy.20260718.023550	installed
ros-humble-image-tools	0.20.9-1jammy.20260726.114509	installed
ros-humble-image-transport	3.1.13-1jammy.20260726.121656	installed
ros-humble-image-transport-plugins	2.5.5-1jammy.20260908.011646	installed
ros-humble-imu-sensor-broadcaster	2.53.3-1jammy.20260804.211410	installed
ros-humble-interactive-markers	2.3.2-2jammy.20260804.195618	installed
ros-humble-intra-process-demo	0.20.9-1jammy.20260724.030642	installed
ros-humble-joint-limits	2.54.0-1jammy.20260726.111049	installed
ros-humble-joint-state-broadcaster	2.53.3-1jammy.20260804.211034	installed
ros-humble-joint-state-publisher	2.4.0-1jammy.20260726.122104	installed
ros-humble-joint-state-publisher-gui	2.4.0-1jammy.20260726.133911	installed
ros-humble-joint-trajectory-controller	2.53.3-1jammy.20260804.210837	installed
ros-humble-joy	3.3.0-1jammy.20260726.115901	installed
ros-humble-kdl-parser	2.6.4-1jammy.20260718.021412	installed
ros-humble-keyboard-handler	0.0.5-1jammy.20260304.202120	installed
ros-humble-kinematics-interface	0.4.2-1jammy.20260724.031959	installed
ros-humble-laser-geometry	2.4.1-1jammy.20260804.154922	installed
ros-humble-launch	1.0.14-1jammy.20260304.195519	installed
ros-humble-launch-param-builder	0.1.1-1jammy.20260724.025035	installed
ros-humble-launch-ros	0.19.14-1jammy.20260724.025042	installed
ros-humble-launch-testing	1.0.14-1jammy.20260304.200104	installed
ros-humble-launch-testing-ament-cmake	1.0.14-1jammy.20260304.202633	installed
ros-humble-launch-testing-ros	0.19.14-1jammy.20260724.025646	installed
ros-humble-launch-xml	1.0.14-1jammy.20260304.195726	installed
ros-humble-launch-yaml	1.0.14-1jammy.20260304.195728	installed
ros-humble-libcurl-vendor	3.1.3-1jammy.20260304.090502	installed
ros-humble-librealsense2	2.58.4-1jammy.20260830.174155	installed
ros-humble-libstatistics-collector	1.3.4-1jammy.20260724.020507	installed
ros-humble-libyaml-vendor	1.2.2-2jammy.20260717.233545	installed
ros-humble-lifecycle	0.20.9-1jammy.20260726.111223	installed
ros-humble-lifecycle-msgs	1.2.3-1jammy.20260718.005812	installed
ros-humble-logging-demo	0.20.9-1jammy.20260726.114708	installed
ros-humble-map-msgs	2.1.0-3jammy.20260718.015830	installed
ros-humble-mcap-vendor	0.15.17-1jammy.20260908.084150	installed
ros-humble-mecanum-drive-controller	2.53.3-1jammy.20260804.211244	installed
ros-humble-message-filters	4.3.19-1jammy.20260726.111837	installed
ros-humble-moveit	2.5.9-1jammy.20260804.232923	installed
ros-humble-moveit-common	2.5.9-1jammy.20260304.202206	installed
ros-humble-moveit-configs-utils	2.5.9-1jammy.20260724.030557	installed
ros-humble-moveit-core	2.5.9-1jammy.20260804.210148	installed
ros-humble-moveit-kinematics	2.5.9-1jammy.20260804.220521	installed
ros-humble-moveit-msgs	2.2.1-1jammy.20260718.020254	installed
ros-humble-moveit-planners	2.5.9-1jammy.20260804.232312	installed
ros-humble-moveit-planners-chomp	2.5.9-1jammy.20260804.214711	installed
ros-humble-moveit-planners-ompl	2.5.9-1jammy.20260804.221730	installed
ros-humble-moveit-plugins	2.5.9-1jammy.20260804.214612	installed
ros-humble-moveit-resources-panda-description	2.0.7-1jammy.20260304.090524	installed
ros-humble-moveit-resources-panda-moveit-config	2.0.7-1jammy.20260804.210052	installed
ros-humble-moveit-ros	2.5.9-1jammy.20260804.230146	installed
ros-humble-moveit-ros-benchmarks	2.5.9-1jammy.20260804.221951	installed
ros-humble-moveit-ros-move-group	2.5.9-1jammy.20260804.221133	installed
ros-humble-moveit-ros-occupancy-map-monitor	2.5.9-1jammy.20260804.214555	installed
ros-humble-moveit-ros-planning	2.5.9-1jammy.20260804.214756	installed
ros-humble-moveit-ros-planning-interface	2.5.9-1jammy.20260804.223930	installed
ros-humble-moveit-ros-robot-interaction	2.5.9-1jammy.20260804.221030	installed
ros-humble-moveit-ros-visualization	2.5.9-1jammy.20260804.224214	installed
ros-humble-moveit-ros-warehouse	2.5.9-1jammy.20260804.221154	installed
ros-humble-moveit-servo	2.5.9-1jammy.20260804.224212	installed
ros-humble-moveit-setup-app-plugins	2.5.9-1jammy.20260804.231103	installed
ros-humble-moveit-setup-assistant	2.5.9-1jammy.20260804.232250	installed
ros-humble-moveit-setup-controllers	2.5.9-1jammy.20260804.231103	installed
ros-humble-moveit-setup-core-plugins	2.5.9-1jammy.20260804.231105	installed
ros-humble-moveit-setup-framework	2.5.9-1jammy.20260804.230816	installed
ros-humble-moveit-setup-srdf-plugins	2.5.9-1jammy.20260804.231103	installed
ros-humble-moveit-simple-controller-manager	2.5.9-1jammy.20260804.214143	installed
ros-humble-nav-msgs	4.9.2-1jammy.20260718.014329	installed
ros-humble-object-recognition-msgs	2.0.0-3jammy.20260718.015741	installed
ros-humble-octomap	1.9.8-1jammy.20260226.005011	installed
ros-humble-octomap-msgs	2.0.1-1jammy.20260718.015021	installed
ros-humble-ompl	1.7.0-4jammy.20260226.011457	installed
ros-humble-orocos-kdl-vendor	0.2.5-1jammy.20260304.201339	installed
ros-humble-osrf-pycommon	2.1.6-1jammy.20260226.011505	installed
ros-humble-parameter-traits	0.7.5-1jammy.20260726.122158	installed
ros-humble-pcl-conversions	2.4.5-2jammy.20260726.121755	installed
ros-humble-pcl-msgs	1.0.0-7jammy.20260718.020111	installed
ros-humble-pendulum-control	0.20.9-1jammy.20260726.123228	installed
ros-humble-pendulum-msgs	0.20.9-1jammy.20260718.010605	installed
ros-humble-pid-controller	2.53.3-1jammy.20260804.211051	installed
ros-humble-pilz-industrial-motion-planner	2.5.9-1jammy.20260804.230123	installed
ros-humble-plotjuggler	3.17.2-3jammy.20260908.091409	installed
ros-humble-plotjuggler-msgs	0.2.3-3jammy.20260907.210538	installed
ros-humble-plotjuggler-ros	2.3.1-2jammy.20260908.094808	installed
ros-humble-pluginlib	5.1.4-1jammy.20260717.234837	installed
ros-humble-pose-broadcaster	2.53.3-1jammy.20260804.210906	installed
ros-humble-position-controllers	2.53.3-1jammy.20260804.211344	installed
ros-humble-pybind11-vendor	2.4.2-1jammy.20260304.195023	installed
ros-humble-python-cmake-module	0.10.0-2jammy.20260304.202554	installed
ros-humble-python-orocos-kdl-vendor	0.2.5-1jammy.20260304.202632	installed
ros-humble-python-qt-binding	1.1.3-1jammy.20260304.202555	installed
ros-humble-qt-dotgraph	2.2.5-1jammy.20260330.190918	installed
ros-humble-qt-gui	2.2.5-1jammy.20260330.190956	installed
ros-humble-qt-gui-cpp	2.2.5-1jammy.20260718.005252	installed
ros-humble-qt-gui-py-common	2.2.5-1jammy.20260330.190941	installed
ros-humble-quality-of-service-demo-cpp	0.20.9-1jammy.20260726.114130	installed
ros-humble-quality-of-service-demo-py	0.20.9-1jammy.20260724.025128	installed
ros-humble-random-numbers	2.0.5-1jammy.20260616.085807	installed
ros-humble-range-sensor-broadcaster	2.53.3-1jammy.20260804.211219	installed
ros-humble-rcl	5.3.13-1jammy.20260724.003904	installed
ros-humble-rcl-action	5.3.13-1jammy.20260724.021048	installed
ros-humble-rcl-interfaces	1.2.3-1jammy.20260718.010613	installed
ros-humble-rcl-lifecycle	5.3.13-1jammy.20260724.020529	installed
ros-humble-rcl-logging-interface	2.3.2-1jammy.20260717.233548	installed
ros-humble-rcl-logging-spdlog	2.3.2-1jammy.20260717.234845	installed
ros-humble-rcl-yaml-param-parser	5.3.13-1jammy.20260717.234751	installed
ros-humble-rclcpp	16.0.19-1jammy.20260724.021311	installed
ros-humble-rclcpp-action	16.0.19-1jammy.20260726.112254	installed
ros-humble-rclcpp-components	16.0.19-1jammy.20260726.112306	installed
ros-humble-rclcpp-lifecycle	16.0.19-1jammy.20260724.031557	installed
ros-humble-rclpy	3.3.21-1jammy.20260724.022150	installed
ros-humble-rcpputils	2.4.7-1jammy.20260717.060655	installed
ros-humble-rcutils	5.1.9-1jammy.20260716.060637	installed
ros-humble-realsense2-camera	4.58.4-1jammy.20260908.100350	installed
ros-humble-realsense2-camera-msgs	4.58.4-1jammy.20260907.215954	installed
ros-humble-realsense2-description	4.58.4-1jammy.20260908.002050	installed
ros-humble-realtime-tools	2.15.0-1jammy.20260726.121532	installed
ros-humble-resource-retriever	3.1.3-1jammy.20260304.202624	installed
ros-humble-rmw	6.1.3-1jammy.20260716.100059	installed
ros-humble-rmw-connextdds		not-installed
ros-humble-rmw-cyclonedds-cpp		not-installed
ros-humble-rmw-dds-common	1.6.0-2jammy.20260718.001401	installed
ros-humble-rmw-fastrtps-cpp	6.2.10-1jammy.20260724.002510	installed
ros-humble-rmw-fastrtps-shared-cpp	6.2.10-1jammy.20260724.000641	installed
ros-humble-rmw-implementation	2.8.5-1jammy.20260724.003446	installed
ros-humble-rmw-implementation-cmake	6.1.3-1jammy.20260716.060509	installed
ros-humble-robot-state-publisher	3.0.3-2jammy.20260804.200125	installed
ros-humble-ros-base	0.10.0-1jammy.20260804.204550	installed
ros-humble-ros-core	0.10.0-1jammy.20260726.123022	installed
ros-humble-ros-environment	3.2.2-1jammy.20260226.005101	installed
ros-humble-ros-gz	0.244.26-1jammy.20260908.015605	installed
ros-humble-ros-gz-bridge	0.244.26-1jammy.20260907.225444	installed
ros-humble-ros-gz-image	0.244.26-1jammy.20260908.001804	installed
ros-humble-ros-gz-interfaces	0.244.26-1jammy.20260907.212004	installed
ros-humble-ros-gz-sim	0.244.26-1jammy.20260907.235058	installed
ros-humble-ros-gz-sim-demos	0.244.26-1jammy.20260908.015343	installed
ros-humble-ros-workspace	1.0.2-2jammy.20260224.185744	installed
ros-humble-ros2-control	2.54.0-1jammy.20260804.213423	installed
ros-humble-ros2-control-test-assets	2.54.0-1jammy.20260402.205739	installed
ros-humble-ros2-controllers	2.53.3-1jammy.20260804.212633	installed
ros-humble-ros2action	0.18.19-1jammy.20260724.030032	installed
ros-humble-ros2bag	0.15.16-1jammy.20260726.134553	installed
ros-humble-ros2cli	0.18.19-1jammy.20260724.025302	installed
ros-humble-ros2cli-common-extensions	0.1.2-1jammy.20260726.122808	installed
ros-humble-ros2component	0.18.19-1jammy.20260726.114744	installed
ros-humble-ros2controlcli	2.54.0-1jammy.20260804.212938	installed
ros-humble-ros2doctor	0.18.19-1jammy.20260724.030215	installed
ros-humble-ros2interface	0.18.19-1jammy.20260726.112728	installed
ros-humble-ros2launch	0.19.14-1jammy.20260726.121957	installed
ros-humble-ros2lifecycle	0.18.19-1jammy.20260724.033013	installed
ros-humble-ros2multicast	0.18.19-1jammy.20260724.025729	installed
ros-humble-ros2node	0.18.19-1jammy.20260724.030156	installed
ros-humble-ros2param	0.18.19-1jammy.20260724.030538	installed
ros-humble-ros2pkg	0.18.19-1jammy.20260726.112725	installed
ros-humble-ros2plugin	5.1.4-1jammy.20260726.122010	installed
ros-humble-ros2run	0.18.19-1jammy.20260726.122057	installed
ros-humble-ros2service	0.18.19-1jammy.20260724.030235	installed
ros-humble-ros2topic	0.18.19-1jammy.20260726.112803	installed
ros-humble-rosbag2	0.15.16-1jammy.20260726.135454	installed
ros-humble-rosbag2-compression	0.15.16-1jammy.20260726.130318	installed
ros-humble-rosbag2-compression-zstd	0.15.16-1jammy.20260726.130828	installed
ros-humble-rosbag2-cpp	0.15.16-1jammy.20260726.123559	installed
ros-humble-rosbag2-interfaces	0.15.16-1jammy.20260718.010834	installed
ros-humble-rosbag2-py	0.15.16-1jammy.20260726.134021	installed
ros-humble-rosbag2-storage	0.15.16-1jammy.20260726.122141	installed
ros-humble-rosbag2-storage-default-plugins	0.15.16-1jammy.20260726.122936	installed
ros-humble-rosbag2-transport	0.15.16-1jammy.20260726.131107	installed
ros-humble-rosgraph-msgs	1.2.3-1jammy.20260718.011206	installed
ros-humble-rosidl-adapter	3.1.9-1jammy.20260605.103907	installed
ros-humble-rosidl-cli	3.1.9-1jammy.20260605.103654	installed
ros-humble-rosidl-cmake	3.1.9-1jammy.20260605.104545	installed
ros-humble-rosidl-default-generators	1.2.1-1jammy.20260718.000113	installed
ros-humble-rosidl-default-runtime	1.2.1-1jammy.20260718.000013	installed
ros-humble-rosidl-generator-c	3.1.9-1jammy.20260716.100325	installed
ros-humble-rosidl-generator-cpp	3.1.9-1jammy.20260717.233559	installed
ros-humble-rosidl-generator-py	0.14.6-1jammy.20260717.235155	installed
ros-humble-rosidl-generator-rs	0.4.12-1jammy.20260717.234619	installed
ros-humble-rosidl-parser	3.1.9-1jammy.20260605.104513	installed
ros-humble-rosidl-runtime-c	3.1.9-1jammy.20260716.095316	installed
ros-humble-rosidl-runtime-cpp	3.1.9-1jammy.20260717.060829	installed
ros-humble-rosidl-runtime-py	0.9.3-1jammy.20260718.012837	installed
ros-humble-rosidl-typesupport-c	2.0.2-1jammy.20260717.233513	installed
ros-humble-rosidl-typesupport-cpp	2.0.2-1jammy.20260717.234335	installed
ros-humble-rosidl-typesupport-fastrtps-c	2.2.4-1jammy.20260717.234832	installed
ros-humble-rosidl-typesupport-fastrtps-cpp	2.2.4-1jammy.20260717.234411	installed
ros-humble-rosidl-typesupport-interface	3.1.9-1jammy.20260605.103839	installed
ros-humble-rosidl-typesupport-introspection-c	3.1.9-1jammy.20260716.100023	installed
ros-humble-rosidl-typesupport-introspection-cpp	3.1.9-1jammy.20260717.233854	installed
ros-humble-rpyutils	0.2.2-1jammy.20260304.195455	installed
ros-humble-rqt-action	2.0.1-3jammy.20260724.030551	installed
ros-humble-rqt-bag	1.1.6-1jammy.20260726.141545	installed
ros-humble-rqt-bag-plugins	1.1.6-1jammy.20260726.141809	installed
ros-humble-rqt-common-plugins	1.2.0-1jammy.20260726.141857	installed
ros-humble-rqt-console	2.0.3-1jammy.20260724.030104	installed
ros-humble-rqt-graph	1.3.2-1jammy.20260724.030329	installed
ros-humble-rqt-gui	1.1.9-1jammy.20260724.025250	installed
ros-humble-rqt-gui-cpp	1.1.9-1jammy.20260726.112827	installed
ros-humble-rqt-gui-py	1.1.9-1jammy.20260724.025620	installed
ros-humble-rqt-image-view	1.2.0-2jammy.20260726.123237	installed
ros-humble-rqt-msg	1.2.1-1jammy.20260724.030243	installed
ros-humble-rqt-plot	1.1.5-1jammy.20260724.030150	installed
ros-humble-rqt-publisher	1.5.0-1jammy.20260726.112838	installed
ros-humble-rqt-py-common	1.1.9-1jammy.20260724.025246	installed
ros-humble-rqt-py-console	1.0.2-3jammy.20260724.030235	installed
ros-humble-rqt-reconfigure	1.1.4-1jammy.20260724.030142	installed
ros-humble-rqt-service-caller	1.0.5-3jammy.20260724.030641	installed
ros-humble-rqt-shell	1.0.2-3jammy.20260724.030617	installed
ros-humble-rqt-srv	1.0.3-3jammy.20260724.030559	installed
ros-humble-rqt-topic	1.5.1-1jammy.20260724.030408	installed
ros-humble-rsl	1.3.0-1jammy.20260726.112855	installed
ros-humble-rttest	0.13.0-2jammy.20260304.202749	installed
ros-humble-ruckig	0.9.2-1jammy.20260226.012139	installed
ros-humble-rviz-assimp-vendor	11.2.28-1jammy.20260714.150848	installed
ros-humble-rviz-common	11.2.28-1jammy.20260804.200122	installed
ros-humble-rviz-default-plugins	11.2.28-1jammy.20260804.212519	installed
ros-humble-rviz-ogre-vendor	11.2.28-1jammy.20260714.150851	installed
ros-humble-rviz-rendering	11.2.28-1jammy.20260715.012257	installed
ros-humble-rviz2	11.2.28-1jammy.20260804.222726	installed
ros-humble-sdformat-urdf	1.0.1-1jammy.20260907.200150	installed
ros-humble-sdl2-vendor	3.3.0-1jammy.20260304.195240	installed
ros-humble-sensor-msgs	4.9.2-1jammy.20260718.014433	installed
ros-humble-sensor-msgs-py	4.9.2-1jammy.20260718.023551	installed
ros-humble-shape-msgs	4.9.2-1jammy.20260718.015101	installed
ros-humble-shared-queues-vendor	0.15.16-1jammy.20260304.075306	installed
ros-humble-spdlog-vendor	1.3.1-1jammy.20260304.202915	installed
ros-humble-sqlite3-vendor	0.15.16-1jammy.20260304.195038	installed
ros-humble-srdfdom	2.0.7-1jammy.20260724.025641	installed
ros-humble-sros2	0.10.9-1jammy.20260724.030847	installed
ros-humble-sros2-cmake	0.10.9-1jammy.20260724.031139	installed
ros-humble-statistics-msgs	1.2.3-1jammy.20260718.011154	installed
ros-humble-std-msgs	4.9.2-1jammy.20260718.010840	installed
ros-humble-std-srvs	4.9.2-1jammy.20260718.011109	installed
ros-humble-steering-controllers-library	2.53.3-1jammy.20260804.211305	installed
ros-humble-stereo-msgs	4.9.2-1jammy.20260718.020132	installed
ros-humble-tango-icons-vendor	0.1.1-3jammy.20260304.202920	installed
ros-humble-tcb-span	1.3.2-1jammy.20260611.075323	installed
ros-humble-teleop-twist-joy	2.4.8-1jammy.20260726.121144	installed
ros-humble-teleop-twist-keyboard	2.4.1-1jammy.20260724.025324	installed
ros-humble-tf2	0.25.22-1jammy.20260804.152304	installed
ros-humble-tf2-bullet	0.25.22-1jammy.20260804.194912	installed
ros-humble-tf2-eigen	0.25.22-1jammy.20260804.194912	installed
ros-humble-tf2-eigen-kdl	0.25.22-1jammy.20260804.161619	installed
ros-humble-tf2-geometry-msgs	0.25.22-1jammy.20260804.194827	installed
ros-humble-tf2-kdl	0.25.22-1jammy.20260804.194856	installed
ros-humble-tf2-msgs	0.25.22-1jammy.20260729.042019	installed
ros-humble-tf2-py	0.25.22-1jammy.20260804.155238	installed
ros-humble-tf2-ros	0.25.22-1jammy.20260804.155840	installed
ros-humble-tf2-ros-py	0.25.22-1jammy.20260804.161624	installed
ros-humble-tf2-sensor-msgs	0.25.22-1jammy.20260804.194831	installed
ros-humble-tf2-tools	0.25.22-1jammy.20260804.195304	installed
ros-humble-theora-image-transport	2.5.5-1jammy.20260907.230003	installed
ros-humble-tinyxml-vendor	0.8.3-2jammy.20260304.195406	installed
ros-humble-tinyxml2-vendor	0.7.7-1jammy.20260304.195411	installed
ros-humble-tl-expected	1.3.2-1jammy.20260611.075453	installed
ros-humble-tlsf	0.7.0-2jammy.20260304.202930	installed
ros-humble-tlsf-cpp	0.13.0-2jammy.20260726.113040	installed
ros-humble-topic-monitor	0.20.9-1jammy.20260724.025328	installed
ros-humble-topic-tools	1.1.2-1jammy.20260907.224415	installed
ros-humble-topic-tools-interfaces	1.1.2-1jammy.20260907.205032	installed
ros-humble-tracetools	4.1.2-1jammy.20260304.201640	installed
ros-humble-trajectory-msgs	4.9.2-1jammy.20260718.015114	installed
ros-humble-transmission-interface	2.54.0-1jammy.20260724.032538	installed
ros-humble-tricycle-controller	2.53.3-1jammy.20260804.211347	installed
ros-humble-tricycle-steering-controller	2.53.3-1jammy.20260804.211920	installed
ros-humble-turtlesim	1.4.3-1jammy.20260726.121530	installed
ros-humble-uncrustify-vendor	2.0.2-2jammy.20260304.195304	installed
ros-humble-unique-identifier-msgs	2.2.1-3jammy.20260718.011116	installed
ros-humble-urdf	2.6.1-1jammy.20260718.005320	installed
ros-humble-urdf-parser-plugin	2.6.1-1jammy.20260304.201738	installed
ros-humble-urdfdom	3.0.2-2jammy.20260304.202852	installed
ros-humble-urdfdom-headers	1.0.6-2jammy.20260226.012553	installed
ros-humble-urdfdom-py	1.2.1-1jammy.20260724.025521	installed
ros-humble-velocity-controllers	2.53.3-1jammy.20260804.211420	installed
ros-humble-vision-msgs	4.1.1-1jammy.20260907.212457	installed
ros-humble-visualization-msgs	4.9.2-1jammy.20260718.020205	installed
ros-humble-warehouse-ros	2.0.7-1jammy.20260804.200619	installed
ros-humble-xacro	2.1.1-1jammy.20260304.195513	installed
ros-humble-yaml-cpp-vendor	8.0.2-1jammy.20260304.195332	installed
ros-humble-zstd-vendor	0.15.16-1jammy.20260304.195400	installed
